<?xml version="1.0" encoding="UTF-8"?>
<!DOCTYPE mapper PUBLIC "-//mybatis.org//DTD Mapper 3.0//EN" "http://mybatis.org/dtd/mybatis-3-mapper.dtd">
<mapper namespace="memberMapper">
	<!-- namespace : 해당 mapper 파일의 고유한 별칭 -->
	
	<!-- resultMap : 조회한 결과를 객체와 Row 간의 1:1 매칭이 아닌,
					 원하는 객체의 필드에 담아 반환하고자 할 때 사용 -->
					 
	<resultMap type="Member" id="memberMap">
		<!-- 
			property = 자바 필드 변수 이름 / column = DB 해당 컬럼
			id는 primary key / result는 일반 컬럼
		 -->
		 
		 <id property="id" column="member_id"/>
		 <result property="password" column="member_pw"/>
		 <result property="name" column="member_name"/>
		 <result property="address" column="member_addr"/>
		 
	</resultMap>
	
	<!-- 
		 * DML문일 경우
		 <insert|update|delete id="식별자" parameterType="전달받을 자바타입(풀클래스명)|별칭">
		 </insert|update|delete>
		 
		 * SELECT문일 경우
		 <select id="식별자" [parameterType="전달받을 자바타입(풀클래스명)|별칭"]
		 			resultType="조회결과를 반환하고자 하는 자바타입" | resultMap="조회결과를 뽑아서 매핑할 resultMap의 id">
		 </select>
		 
		 ? 대신에 해당 sql문에 전달된 객체로부터 값을 꺼낼 때 
		 	                   #{필드명 또는 변수명 또는 키값} 이용
	 -->
	<insert id="registerMember" parameterType="Member">
		INSERT INTO MEMBER_DTO(id, pw, name, addr)
		VALUES(#{id}, #{pw}, #{name}, #{addr})
	</insert>
	
	<!--  showAllMember, findByIdMember, login, updateMember -->
	<select id="showAllMember" resultMap="memberMap">
		SELECT member_id, member_pw, member_name, member_addr
		FROM MEMBER2
	</select>
	
	<select id="findByIdMember" parameterType="String" resultType="Member">
		SELECT *
		FROM MEMBER_DTO
		WHERE id=#{id}
	</select>
	
	<select id="login" parameterType="Member" resultType="Member">
		SELECT * 
		FROM MEMBER_DTO
		WHERE id=#{id} AND pw=#{pw}
	</select>
	
	<update id="updateMember" parameterType="Member">
		UPDATE MEMBER_DTO
		SET pw=#{pw}, name=#{name}, addr=#{addr}
		WHERE id=#{id}
	</update>
	
</mapper>



