<?xml version="1.0" encoding="UTF-8"?>
<!DOCTYPE configuration PUBLIC "-//mybatis.org//DTD Config 3.0//EN" "http://mybatis.org/dtd/mybatis-3-config.dtd">
<configuration>

	<properties>
		<property name="driver" value="oracle.jdbc.driver.OracleDriver"/>
		<property name="url" value="jdbc:oracle:thin:@localhost:1521:xe"/>
		<property name="username" value="sample" />
		<property name="password" value="SAMPLE" />
	</properties>
	
	<!-- setting : mybatis 구동시 선언할 설정들을 작성하는 영역 -->
	<settings>
		<!-- 만약 null로 데이터가 전달된다면 빈칸이 아닌 null로 인식해라 -->
		<setting name="jdbcTypeForNull" value="NULL"/>
	</settings>
	
	<!-- typeAlias : VO/DTO 클래스들의 풀클래스명을 단순한 클래스명으로 
						사용하기 위해서 별칭을 등록할 수 있는 영역 -->
	<typeAliases>
		<typeAlias type="member.model.vo.MemberVO" alias="Member" />
	</typeAliases>
	
	<!-- environment : mybatis에서 연동할 DB 정보들을 등록하는 영역 -->
	<environments default="development">
		<environment id="development">
			<!-- transactionManager는 JDBC와 MANAGED 둘 중 하나를 선택할 수 있음
					- JDBC : 트랜잭션을 내가 직접 관리하겠다. (수동 commit)
					- MANAGED : 트랜잭션에 대해서 어떠한 영향도 행사하지 않겠다. (자동 commit)
			 -->
			<transactionManager type="JDBC"/>
			
			<!-- dataSource는 POOLED와 UNPOOLED 둘 중 하나를 선택할 수 있음 (ConnectionPool 사용여부)
					>> ConnectionPool : Connection 객체를 담아둘 수 있는 영역
										한번 생성된 Connection 객체를 담아두면 재사용해서 쓸 수 있음
					   - POOLED : 사용하겠다.
					   - UNPOOLED : 사용하지 않겠다.					
			 -->
			<dataSource type="POOLED">
				<property name="driver" value="${driver}"/>
				<property name="url" value="${url}" />
				<property name="username" value="${username}" />
				<property name="password" value="${password}" />
			</dataSource>
		</environment>	
	</environments>
	
	<!--  mapper : 실행할 sql문들을 기록해둔 mapper 파일들을 등록하는 영역 -->
	<mappers>
		<mapper resource="mappers/member-mapper.xml"/>
	</mappers>

</configuration>




